precision,accuracy,recall,duration
0.8049970720281086,0.8,0.8,831.9037680625916
