precision,accuracy,recall,duration
0.986060001079156,0.9860627177700348,0.9860757376270748,1555.819943189621
