precision,accuracy,recall,duration
0.9871794871794872,0.9866666666666667,0.9864864864864865,108.95902895927429
