precision,accuracy,recall,duration
0.1931818181818182,0.36666666666666664,0.3666666666666667,182.37586402893066
